asset_rebalancing0,date_base,date_pred,iiindex_today,iindex_real,index_pred_0,loss_profits_0,std,
-0.424197644,2008-12-31,2009-01-01,153.4,152.3,150.0245224,1.1,0,
0.611491024,2009-01-01,2009-01-02,154.05,158.9499939,152.9996706,-4.899993896,4.702260095,
-0.016918644,2009-01-02,2009-01-05,161,160.8000061,158.8692912,0.199993896,1.308147545,
-0.124692917,2009-01-05,2009-01-06,162.45,163.55,161.161654,-1.1,1.944543648,
-0.318106323,2009-01-06,2009-01-07,163.55,168.05,164.7967529,4.5,3.181980515,
-0.575757205,2009-01-07,2009-01-08,166.15,163.1499908,168.1515598,-3.000009155,3.464823228,
-0.463934273,2009-01-08,2009-01-09,165.2,160.65,160.7745751,4.55,1.767766953,
0.67311877,2009-01-09,2009-01-12,159.35,156.8000092,162.9166409,-2.549990845,2.722361108,
-0.228441119,2009-01-12,2009-01-13,155.75,157.9499939,156.8533939,2.199993896,0.813172798,
-0.355702251,2009-01-13,2009-01-14,157.45,160.8999969,157.9888111,3.449996948,2.085965005,
-0.276514769,2009-01-14,2009-01-15,154.3,150.8500122,161.8000756,-3.449987793,7.106423151,
-0.481118083,2009-01-15,2009-01-16,151.85,154.2499939,149.6387261,-2.399993896,2.404163056,
0.317097247,2009-01-16,2009-01-19,155.65,156.3500061,154.3252719,-0.700006104,1.48492424,
0.280902714,2009-01-19,2009-01-20,153.55,152.85,157.7022066,-0.7,2.474873734,
-0.41938892,2009-01-20,2009-01-21,146.95,149.0499969,153.5413237,2.099996948,2.687005769,
-0.561653912,2009-01-21,2009-01-22,151.35,151.9999969,149.4074629,-0.649996948,2.085965005,
-0.510613859,2009-01-22,2009-01-23,149.75,147.6000061,152.1402476,-2.149993896,3.111269837,
-0.375453144,2009-01-23,2009-01-26,149.75,147.6,148.8285357,2.15,0,
-0.537233949,2009-01-26,2009-01-27,149.75,147.6,148.6752679,2.15,0,
-0.598356366,2009-01-27,2009-01-28,152.4,156.8999878,148.8021821,-4.499987793,6.576093065,
-0.633321583,2009-01-28,2009-01-29,157.7,158.4500031,154.5876504,-0.750003052,1.096015511,
0.435240716,2009-01-29,2009-01-30,155.7,157.1000092,158.8485332,1.400009155,0.954594155,
0.202877194,2009-01-30,2009-02-02,153.9,154.5499969,156.8173174,0.649996948,1.803122292,
0.227784321,2009-02-02,2009-02-03,155.1,156.8999908,154.3119634,-1.799990845,1.661700936,
0.268197775,2009-02-03,2009-02-04,159.85,161.7000031,157.7946177,-1.850003052,3.39411255,
-0.33298254,2009-02-04,2009-02-05,160.9,158.95,162.3025056,-1.95,1.944543648,
-0.509183705,2009-02-05,2009-02-06,162.25,164.8000061,159.1424449,-2.550006104,4.13657467,
-0.438460469,2009-02-06,2009-02-09,166.3,163.8999908,166.1986669,2.400009155,0.636396103,
-0.580606997,2009-02-09,2009-02-10,165.25,162.2500061,163.492888,2.999993896,1.166726189,
-0.242762312,2009-02-10,2009-02-11,158.35,160.3000031,162.3275115,1.950003052,1.378858223,
-0.106124289,2009-02-11,2009-02-12,159.25,158.1499908,162.4143765,-1.100009155,1.52027958,
-0.521177471,2009-02-12,2009-02-13,158.9,161.1000122,158.5507578,-2.200012207,2.085965005,
-0.528320432,2009-02-13,2009-02-16,159.1,158.2499939,162.6991497,-0.850006104,2.015254326,
-0.630176663,2009-02-16,2009-02-17,156.5,151.8999939,159.4740521,-4.600006104,4.490128061,
-0.660052478,2009-02-17,2009-02-18,150.4,148.9,151.3802997,-1.5,2.121320344,
-0.265679002,2009-02-18,2009-02-19,148.65,149.15,150.3770235,0.5,0.176776695,
-0.503452778,2009-02-19,2009-02-20,147.45,142.9500031,149.3084609,-4.499996948,4.384062043,
-0.422080606,2009-02-20,2009-02-23,142.4,147.5000031,141.5808215,-5.100003052,3.217335854,
0.496609986,2009-02-23,2009-02-24,142.45,143.5,148.6854098,1.05,2.828427125,
-0.168560535,2009-02-24,2009-02-25,147.1,143.8999939,144.4520156,3.200006104,0.282842712,
-0.521366,2009-02-25,2009-02-26,145.4,142.2000031,144.2129907,3.199996948,1.202081528,
-0.498410702,2009-02-26,2009-02-27,142.6,142.3999969,142.5638008,0.200003052,0.141421356,
-0.461145043,2009-02-27,2009-03-02,139.8,138.0000061,140.909894,-1.799993896,3.111269837,
0.474136114,2009-03-02,2009-03-03,135.1,139.8000031,137.9947576,4.700003052,1.272792206,
0.461479396,2009-03-03,2009-03-04,137.6,143.3999908,142.0821515,5.799990845,2.545584412,
-0.45008713,2009-03-04,2009-03-05,143.4,144.4500031,143.2292164,-1.050003052,0.74246212,
-0.361098468,2009-03-05,2009-03-06,141.15,142.2500031,143.6679422,1.100003052,1.555634919,
0.250028491,2009-03-06,2009-03-09,144.9,144.8500061,140.5779107,0.049993896,1.838477631,
0.862762094,2009-03-09,2009-03-10,143.55,148.4999939,147.6608637,4.949993896,2.580939751,
-0.173291892,2009-03-10,2009-03-11,152.15,153.5500031,150.0184492,-1.400003052,3.570889245,
-0.657658398,2009-03-11,2009-03-12,152.9,152.8,152.7089477,0.1,0.530330086,
-0.139145836,2009-03-12,2009-03-13,155.9,154.9999969,152.9862966,0.900003052,1.555634919,
-0.134563312,2009-03-13,2009-03-16,154.95,154.6999969,156.415859,-0.250003052,0.212132034,
-0.53345561,2009-03-16,2009-03-17,157.1,160.3999969,153.4958074,-3.299996948,4.030508653,
0.215217203,2009-03-17,2009-03-18,161.6,161.1000122,160.3595253,0.499987793,0.494974747,
0.284539491,2009-03-18,2009-03-19,162,159.35,160.6938437,2.65,1.237436867,
0.410685629,2009-03-19,2009-03-20,160.05,159.85,158.9545073,0.2,0.353553391,
0.490826696,2009-03-20,2009-03-23,161.45,164.2499939,159.4381485,-2.799993896,3.111269837,
0.54516691,2009-03-23,2009-03-24,167.25,166.6999969,164.2573153,0.550003052,1.732411614,
0.281064212,2009-03-24,2009-03-25,166.95,168.0000031,166.4430027,-1.050003052,0.919238816,
0.244482964,2009-03-25,2009-03-26,167.3,169.9499969,167.9886356,2.649996948,1.378858223,
0.102690175,2009-03-26,2009-03-27,170.25,169.95,168.1917012,0.3,0,
0.807189643,2009-03-27,2009-03-30,169.95,163.3000061,170.2267843,-6.649993896,4.702260095,
0.494141281,2009-03-30,2009-03-31,164.9,165.3,162.4032355,-0.4,1.414213562,
0.687870741,2009-03-31,2009-04-01,165.6,168.6000031,165.999149,3.000003052,2.333452378,
-0.077066652,2009-04-01,2009-04-02,171.1,173.8999878,168.4211417,-2.799987793,3.74766594,
-0.116733029,2009-04-02,2009-04-03,174.9,175.1000122,173.4897764,-0.200012207,0.848528137,
0.186935261,2009-04-03,2009-04-06,176.05,176.2499939,175.4308405,-0.199993896,0.813172798,
-0.115504272,2009-04-06,2009-04-07,176.4,176.1499939,176.3886292,0.250006104,0.070710678,
-0.213791177,2009-04-07,2009-04-08,174.15,170.0000061,175.309258,-4.149993896,4.348706704,
0.396532625,2009-04-08,2009-04-09,171.6,177.5,169.0109097,-5.9,5.303300859,
0.785116196,2009-04-09,2009-04-10,180.1,181,179.9436986,-0.9,2.474873734,
-0.274939656,2009-04-10,2009-04-13,180,179.5,182.9169985,-0.5,1.060660172,
-0.672757983,2009-04-13,2009-04-14,181.1,179,179.1703896,2.1,0.353553391,
-0.425890148,2009-04-14,2009-04-15,177.05,179,178.402712,1.95,0,
0.187255949,2009-04-15,2009-04-16,182.05,178.8999939,177.834463,3.150006104,0.070710678,
0.776501775,2009-04-16,2009-04-17,181.3,178.9,181.4193834,-2.4,0,
-0.273579627,2009-04-17,2009-04-20,180.3,178.7000031,178.0995797,1.599996948,0.141421356,
0.154069036,2009-04-20,2009-04-21,175.9,179.5500061,180.3342702,3.650006104,0.601040764,
-0.493791163,2009-04-21,2009-04-22,179.95,181.9999969,180.26331,2.049996948,1.732411614,
-0.599594951,2009-04-22,2009-04-23,183.55,184.1000061,179.813483,-0.550006104,1.48492424,
0.511038482,2009-04-23,2009-04-24,183.85,182.1999908,184.805799,-1.650009155,1.343502884,
0.045719612,2009-04-24,2009-04-27,182.05,179.8999969,182.3871116,-2.150003052,1.626345597,
-0.20219323,2009-04-27,2009-04-28,180.6,174.4500031,181.6032775,-6.149996948,3.853731957,
-0.579270244,2009-04-28,2009-04-29,175.7,179.5500061,173.7804463,-3.850006104,3.606244584,
-0.131033584,2009-04-29,2009-04-30,181.35,183.8500031,179.9325885,-2.500003052,3.040559159,
-0.177566141,2009-04-30,2009-05-01,181.35,183.85,182.1373453,2.5,0,
0.714075923,2009-05-01,2009-05-04,185.55,186.3999878,184.2440767,-0.849987793,1.803122292,
0.339340538,2009-05-04,2009-05-05,185.55,186.4,188.7581104,0.85,0,
-0.541069865,2009-05-05,2009-05-06,187,186.1000122,184.580863,0.899987793,0.212132034,
0.421576917,2009-05-06,2009-05-07,188.65,187.2999969,188.1666552,1.350003052,0.848528137,
-0.414065599,2009-05-07,2009-05-08,187.5,188.3500031,185.866717,-0.850003052,0.74246212,
0.427611202,2009-05-08,2009-05-11,188.35,188.4999939,189.8118005,0.149993896,0.106066017,
-0.352676213,2009-05-11,2009-05-12,187.6,187.6000061,188.1369465,6.10E-06,0.636396103,
-0.150263518,2009-05-12,2009-05-13,187.6,188.9499908,188.925166,1.349990845,0.954594155,
-0.523918509,2009-05-13,2009-05-14,186.1,184.2500031,189.9831645,-1.849996948,3.323401872,
-0.621620595,2009-05-14,2009-05-15,185.1,185.5500031,186.8722839,0.450003052,0.919238816,
-0.692955732,2009-05-15,2009-05-18,184.35,184.1499908,182.9983321,0.200009155,0.989949494,
0.416674942,2009-05-18,2009-05-19,188.25,189.8500122,185.5733155,-1.600012207,4.030508653,
-0.249465376,2009-05-19,2009-05-20,190.1,190.85,188.5863646,-0.75,0.707106781,
0.48761633,2009-05-20,2009-05-21,190.05,189.1499878,191.8679278,-0.900012207,1.202081528,
-0.215685025,2009-05-21,2009-05-22,187.15,185.5500092,186.7970025,1.599990845,2.545584412,
0.743309259,2009-05-22,2009-05-25,184.5,185.3999908,186.950965,0.899990845,0.106066017,
-0.12421874,2009-05-25,2009-05-26,186.2,181.5000061,186.8007028,-4.699993896,2.757716447,
-0.614072621,2009-05-26,2009-05-27,184.5,180.9499969,181.0885964,3.550003052,0.38890873,
-0.326226622,2009-05-27,2009-05-28,179.95,184.3999969,180.1479625,4.449996948,2.439518395,
0.376501113,2009-05-28,2009-05-29,185.05,184.6000122,185.3834502,-0.449987793,0.141421356,
-0.227713153,2009-05-29,2009-06-01,184.95,187.4499908,184.6241425,-2.499990845,2.015254326,
-0.253263652,2009-06-01,2009-06-02,190.35,187.1000092,187.4421263,3.249990845,0.247487373,
-0.160619155,2009-06-02,2009-06-03,188.6,186.4999939,187.0730889,2.100006104,0.424264069,
-0.069560625,2009-06-03,2009-06-04,186.45,182,186.0461137,4.45,3.181980515,
0.272864163,2009-06-04,2009-06-05,183.75,184.1999969,184.6341813,0.449996948,1.555634919,
-0.468679786,2009-06-05,2009-06-08,184.05,184.3999969,184.6386649,0.349996948,0.141421356,
-0.543124855,2009-06-08,2009-06-09,186.15,181.3500122,185.0342992,4.799987793,2.156675683,
-0.557666481,2009-06-09,2009-06-10,182.9,188.2499939,181.2315369,-5.349993896,4.87903679,
-0.315468669,2009-06-10,2009-06-11,187.8,189.8500061,188.7464325,2.050006104,1.13137085,
-0.358286887,2009-06-11,2009-06-12,190.85,190.1999908,189.0220074,0.650009155,0.247487373,
0.249514148,2009-06-12,2009-06-15,190.35,188.2500031,192.0822768,-2.099996948,1.378858223,
-0.404847324,2009-06-15,2009-06-16,186.45,186,186.8560089,-0.45,1.590990258,
0.399022996,2009-06-16,2009-06-17,185.8,185.3500061,184.7476711,0.449993896,0.459619408,
0.852459848,2009-06-17,2009-06-18,184.9,183.6499878,185.6519427,-1.250012207,1.202081528,
0.51946485,2009-06-18,2009-06-19,184.5,183.8500122,184.35531,0.649987793,0.141421356,
-0.307157338,2009-06-19,2009-06-22,183.85,186.35,182.2430204,-2.5,1.767766953,
0.570441961,2009-06-22,2009-06-23,183.55,181.8999878,186.2304891,-1.650012207,3.146625176,
0.53216058,2009-06-23,2009-06-24,182.2,182.3000092,182.1759827,-0.100009155,0.282842712,
0.041451167,2009-06-24,2009-06-25,183,186.8,182.4591479,-3.8,3.181980515,
-0.188995272,2009-06-25,2009-06-26,188.15,187.8999908,187.0243161,0.250009155,0.777817459,
-0.276406258,2009-06-26,2009-06-29,188.3,187.4500031,187.1107247,0.849996948,0.318198052,
0.341724992,2009-06-29,2009-06-30,188.8,186.8999969,186.8896338,1.900003052,0.38890873,
0.627711058,2009-06-30,2009-07-01,186.7,190.7000031,185.4086805,-4.000003052,2.687005769,
0.899956286,2009-07-01,2009-07-02,191.3,190.1499969,192.8311307,-1.150003052,0.38890873,
-0.123431802,2009-07-02,2009-07-03,187.15,191.0000061,189.5358577,3.850006104,0.601040764,
0.033919811,2009-07-03,2009-07-06,191.15,192.8000031,190.4396417,-1.650003052,1.272792206,
0.383442581,2009-07-06,2009-07-07,193.4,193.3,194.7993383,-0.1,0.353553391,
-0.476765543,2009-07-07,2009-07-08,192.3,193.3,192.4830999,1,0,
0.038492747,2009-07-08,2009-07-09,192.85,192.3,193.5811706,-0.55,0.707106781,
-0.143341184,2009-07-09,2009-07-10,192.45,192.3,191.6739039,0.15,0,
0.2845034,2009-07-10,2009-07-13,192.3,186.3999908,194.7048512,-5.900009155,4.171930009,
-0.471277803,2009-07-13,2009-07-14,188.85,187.7500061,183.7158696,1.099993896,0.954594155,
0.643441319,2009-07-14,2009-07-15,189.65,191.4499969,189.6112398,-1.799996948,2.61629509,
-0.258419335,2009-07-15,2009-07-16,194.25,194.6499969,192.6962519,-0.399996948,2.2627417,
-0.61787951,2009-07-16,2009-07-17,195.7,195.6000122,193.2166538,0.099987793,0.671751442,
0.217278823,2009-07-17,2009-07-20,196.4,200.6999908,195.472891,-4.299990845,3.606244584,
0.366833061,2009-07-20,2009-07-21,201.95,202.0000031,200.869534,-0.050003052,0.919238816,
0.018625023,2009-07-21,2009-07-22,202.35,202.8000031,201.9868764,-0.450003052,0.565685425,
-0.072470225,2009-07-22,2009-07-23,202.8,202.9999969,203.1319167,0.199996948,0.141421356,
-0.268232793,2009-07-23,2009-07-24,204,204.25,204.0293808,0.25,0.883883476,
-0.525372207,2009-07-24,2009-07-27,205,206.3500061,203.2964739,-1.350006104,1.48492424,
0.119173825,2009-07-27,2009-07-28,205.95,207.1999908,207.5091995,1.249990845,0.601040764,
-0.354404688,2009-07-28,2009-07-29,206.85,206.3000061,204.1316661,0.549993896,0.636396103,
0.743669271,2009-07-29,2009-07-30,206.85,208.4499939,206.8384167,-1.599993896,1.52027958,
0.336871713,2009-07-30,2009-07-31,208.8,211.5000031,208.2578955,-2.700003052,2.156675683,
0.155836478,2009-07-31,2009-08-03,212.05,211.8999939,210.7609269,0.150006104,0.282842712,
0.517854691,2009-08-03,2009-08-04,213.3,212.3500122,213.767368,-0.949987793,0.318198052,
-0.414215922,2009-08-04,2009-08-05,213.1,211.6,213.0028733,1.5,0.530330086,
-0.584378779,2009-08-05,2009-08-06,210.85,212.1999908,213.0550346,1.349990845,0.424264069,
-0.668523729,2009-08-06,2009-08-07,211.65,213.5000031,209.4512612,-1.850003052,0.919238816,
0.468948394,2009-08-07,2009-08-10,214.3,213.4499969,214.8686142,-0.850003052,0.035355339,
-0.210272282,2009-08-10,2009-08-11,212.85,213.5500061,213.7449893,0.700006104,0.070710678,
-0.413969368,2009-08-11,2009-08-12,212.4,210.6999939,212.0412974,1.700006104,2.015254326,
0.537164092,2009-08-12,2009-08-13,212.3,212.5000031,212.071366,-0.200003052,1.272792206,
-0.225052759,2009-08-13,2009-08-14,212.8,215.3000031,212.0834709,-2.500003052,1.979898987,
-0.127891406,2009-08-14,2009-08-17,214.3,208.7499969,217.4104236,-5.550003052,4.631549417,
-0.567459881,2009-08-17,2009-08-18,207.3,209.5,208.0538837,2.2,0.530330086,
-0.096175186,2009-08-18,2009-08-19,210.2,209.6000061,210.944839,-0.599993896,0.070710678,
-0.484238356,2009-08-19,2009-08-20,211.1,213.7999969,210.3778533,-2.699996948,2.969848481,
-0.577302158,2009-08-20,2009-08-21,214.5,214.3999908,215.0866145,-0.100009155,0.424264069,
-0.638885856,2009-08-21,2009-08-24,217.8,218.3000092,213.4213181,-0.500009155,2.757716447,
-0.027466089,2009-08-24,2009-08-25,217.7,217.1499908,217.3860323,0.550009155,0.813172798,
0.662067592,2009-08-25,2009-08-26,218,219.0000061,220.1764103,1.000006104,1.308147545,
-0.318088472,2009-08-26,2009-08-27,217.95,217.3500061,216.8742988,0.599993896,1.166726189,
0.662463069,2009-08-27,2009-08-28,218.8,217.1,218.8492273,-1.7,0.176776695,
-0.232961103,2009-08-28,2009-08-31,217.6,215.0499969,217.5054316,2.550003052,1.449568901,
-0.492806256,2009-08-31,2009-09-01,216,219.6000031,216.505058,3.600003052,3.217335854,
-0.650724232,2009-09-01,2009-09-02,216.35,218.7999969,218.6735275,2.449996948,0.565685425,
-0.057919916,2009-09-02,2009-09-03,218.55,219.6999939,218.4690947,-1.149993896,0.636396103,
0.318303883,2009-09-03,2009-09-04,220.05,218.5000031,222.6163768,-1.549996948,0.848528137,
-0.465744585,2009-09-04,2009-09-07,219.5,218.3000031,219.3512386,1.199996948,0.141421356,
-0.614893496,2009-09-07,2009-09-08,219.1,219.6999939,218.1929091,-0.599993896,0.989949494,
-0.411780894,2009-09-08,2009-09-09,220.4,218.5500061,220.9462238,-1.849993896,0.813172798,
-0.561960518,2009-09-09,2009-09-10,219.45,223.2499969,218.2916096,-3.799996948,3.323401872,
-0.277763546,2009-09-10,2009-09-11,223.65,224.8000031,221.8605262,-1.150003052,1.096015511,
0.64634639,2009-09-11,2009-09-14,224.8,222.8999908,227.5591279,-1.900009155,1.343502884,
-0.291218132,2009-09-14,2009-09-15,223.85,224.4,222.0522566,-0.55,1.060660172,
0.181862533,2009-09-15,2009-09-16,225.55,228.8500122,225.029002,-3.300012207,3.146625176,
-0.25167796,2009-09-16,2009-09-17,231.2,231.2499939,230.0995186,-0.049993896,1.697056275,
-0.575923204,2009-09-17,2009-09-18,231.3,230.75,228.9514925,0.55,0.353553391,
0.518079042,2009-09-18,2009-09-21,231.3,231,232.2870939,-0.3,0.176776695,
-0.250858307,2009-09-21,2009-09-22,231.25,233.6000061,229.775965,-2.350006104,1.838477631,
0.416481256,2009-09-22,2009-09-23,234,233.9999939,234.5204516,-6.10E-06,0.282842712,
-0.253305525,2009-09-23,2009-09-24,233,231.3999939,232.3930399,1.600006104,1.838477631,
0.605179965,2009-09-24,2009-09-25,229.65,230.1000122,232.0945049,0.450012207,0.919238816,
0.019379504,2009-09-25,2009-09-28,229.15,228.4999939,229.3434651,-0.650006104,1.13137085,
0.379026234,2009-09-28,2009-09-29,230.6,230.8000031,227.2780067,-0.200003052,1.626345597,
0.816028595,2009-09-29,2009-09-30,230.55,229.8999908,231.7962372,-0.650009155,0.636396103,
0.025491446,2009-09-30,2009-10-01,229.6,224.3500122,228.4789512,5.249987793,3.924442636,
0.616379082,2009-10-01,2009-10-02,229.6,224.35,226.0217782,5.25,0,
-0.351488203,2009-10-02,2009-10-05,221.35,219.1999908,223.3031603,-2.150009155,3.641599923,
0.378777593,2009-10-05,2009-10-06,221.15,218.2500031,220.6661386,2.899996948,0.671751442,
-0.385504425,2009-10-06,2009-10-07,220.6,217.6999969,220.1333803,2.900003052,0.38890873,
-0.658755541,2009-10-07,2009-10-08,219.5,221.1000092,215.8067744,-1.600009155,2.404163056,
0.349851787,2009-10-08,2009-10-09,221.1,225.1999908,223.5063039,4.099990845,2.899137803,
-0.413841695,2009-10-09,2009-10-12,226.5,223.5500061,225.7220422,2.949993896,1.166726189,
-0.558867931,2009-10-12,2009-10-13,222.95,222.2499969,222.5612961,0.700003052,0.919238816,
0.1578082,2009-10-13,2009-10-14,223.85,224.3000031,223.8337449,-0.450003052,1.449568901,
-0.409127682,2009-10-14,2009-10-15,226.3,225.9999969,222.3567753,0.300003052,1.202081528,
0.582346559,2009-10-15,2009-10-16,225.85,224.3999939,226.6494427,-1.450006104,1.13137085,
0.019057849,2009-10-16,2009-10-19,223.4,225.1000122,222.6914771,-1.700012207,0.494974747,
0.721628904,2009-10-19,2009-10-20,227.1,226.85,226.4402646,0.25,1.237436867,
-0.190737903,2009-10-20,2009-10-21,225.2,225.6999908,224.7530855,-0.499990845,0.813172798,
0.699726045,2009-10-21,2009-10-22,223.45,221.8999969,226.1118418,-1.550003052,2.687005769,
0.265991628,2009-10-22,2009-10-23,223.65,223.8000092,220.1634419,-0.150009155,1.343502884,
0.821332097,2009-10-23,2009-10-26,222.75,226.6499908,221.6796346,-3.899990845,2.015254326,
0.961351514,2009-10-26,2009-10-27,225.1,225.8000092,228.1489985,0.700009155,0.601040764,
0.278528064,2009-10-27,2009-10-28,225.45,219.9499939,223.8498705,5.500006104,4.13657467,
0.794896126,2009-10-28,2009-10-29,216.75,215.5500061,219.1421923,-1.199993896,3.111269837,
0.874930203,2009-10-29,2009-10-30,217.85,213.9999969,217.7362264,3.850003052,1.096015511,
-0.312132925,2009-10-30,2009-11-02,211.25,212.6499939,214.8605134,1.399993896,0.954594155,
-0.665357292,2009-11-02,2009-11-03,212.45,211.4,211.9517823,1.05,0.883883476,
-0.172558561,2009-11-03,2009-11-04,212.8,214.3500122,210.6744698,-1.550012207,2.085965005,
0.485785633,2009-11-04,2009-11-05,214.3,212.0499969,215.8884122,-2.250003052,1.626345597,
-0.360860705,2009-11-05,2009-11-06,215.6,214.8999908,212.5788239,0.700009155,2.015254326,
-0.528313398,2009-11-06,2009-11-09,216.05,215.3500122,215.513908,0.699987793,0.318198052,
-0.561574101,2009-11-09,2009-11-10,218.4,216.8999878,215.649033,1.500012207,1.096015511,
-0.496635288,2009-11-10,2009-11-11,218.3,218.7500061,215.1141563,-0.450006104,1.308147545,
0.529043019,2009-11-11,2009-11-12,219.1,216.8000031,217.8275385,2.299996948,1.378858223,
0.853996277,2009-11-12,2009-11-13,216.8,214.7499969,216.3896758,2.050003052,1.449568901,
0.832032681,2009-11-13,2009-11-16,216.35,218.3000031,218.9189787,1.950003052,2.510229073,
-0.369794279,2009-11-16,2009-11-17,219.3,218.05,218.1237165,1.25,0.176776695,
-0.367128581,2009-11-17,2009-11-18,219.15,220.1000031,217.6885096,-0.950003052,1.449568901,
-0.001237246,2009-11-18,2009-11-19,220.5,222.2999969,221.1305182,1.799996948,1.555634919,
-0.440547764,2009-11-19,2009-11-20,221.9,222.8,221.9251851,0.9,0.353553391,
-0.143346891,2009-11-20,2009-11-23,223.2,222.6499908,222.497833,0.550009155,0.106066017,
0.16155012,2009-11-23,2009-11-24,223.5,220.6000122,223.9026796,-2.899987793,1.449568901,
-0.402915031,2009-11-24,2009-11-25,221.35,221.5499969,220.6621744,-0.199996948,0.671751442,
-0.364472926,2009-11-25,2009-11-26,220.65,219.8999908,221.8079638,-0.750009155,1.166726189,
-0.3388111,2009-11-26,2009-11-27,215.95,210.2000031,220.0297334,-5.749996948,6.858935778,
-0.295094192,2009-11-27,2009-11-30,212.5,212.45,208.3039324,0.05,1.590990258,
0.680799186,2009-11-30,2009-12-01,212.6,215.3999969,215.2202091,2.799996948,2.085965005,
-0.2666471,2009-12-01,2009-12-02,216.8,219.2000031,216.6142019,-2.400003052,2.687005769,
-0.619209945,2009-12-02,2009-12-03,219.9,222.1000092,218.80633,-2.200009155,2.050609665,
-0.334065527,2009-12-03,2009-12-04,221.35,223.3999878,222.0338583,2.049987793,0.919238816,
-0.106113106,2009-12-04,2009-12-07,224.5,223.9,223.3914451,0.6,0.353553391,
-0.02764884,2009-12-07,2009-12-08,223.9,224.1000122,224.9827318,0.200012207,0.141421356,
-0.442476988,2009-12-08,2009-12-09,222.1,224.4499908,224.5231366,2.349990845,0.247487373,
-0.4883641,2009-12-09,2009-12-10,224.35,224.5500061,223.7849931,-0.200006104,0.070710678,
0.040566072,2009-12-10,2009-12-11,226.05,227.05,227.8553267,1,1.767766953,
-0.495996267,2009-12-11,2009-12-14,227.7,227.6999939,228.0699229,-6.10E-06,0.459619408,
-0.624752581,2009-12-14,2009-12-15,227.65,228.2,226.1037679,-0.55,0.353553391,
0.301945835,2009-12-15,2009-12-16,227.85,227.7,227.7387774,0.15,0.353553391,
0.629212618,2009-12-16,2009-12-17,227.7,225.0500061,229.1663931,-2.649993896,1.87383297,
-0.288903981,2009-12-17,2009-12-18,224.55,224.6499908,222.9418312,-0.099990845,0.282842712,
0.662720859,2009-12-18,2009-12-21,224.65,225.1000122,224.3364462,-0.450012207,0.318198052,
0.702516258,2009-12-21,2009-12-22,226.15,226.9999939,224.3288764,-0.849993896,1.343502884,
0.797131181,2009-12-22,2009-12-23,227.25,227.6499939,227.2536652,0.399993896,0.459619408,
0.339841247,2009-12-23,2009-12-24,228,231.0000061,227.6708847,-3.000006104,2.368807717,
-0.035164591,2009-12-24,2009-12-25,228,231,232.4190727,3,0,
-0.580194354,2009-12-25,2009-12-28,231.95,230.6999969,228.9454727,1.250003052,0.212132034,
0.478746712,2009-12-28,2009-12-29,230.85,231.6499969,229.8547658,-0.799996948,0.671751442,
0.818792582,2009-12-29,2009-12-30,231.2,232.4,231.3772549,1.2,0.530330086,
0.73955828,2009-12-30,2009-12-31,231.2,232.4,236.4566039,1.2,0,-25.05016785
-0.455663294,2009-12-31,2010-01-01,231.2,232.4,228.5444268,-1.2,0,
0.769827902,2010-01-01,2010-01-04,232.8,232.9500031,233.3272336,0.150003052,0.38890873,
0.077005804,2010-01-04,2010-01-05,234.85,232.8999969,232.5876931,1.950003052,0.035355339,
0.055440061,2010-01-05,2010-01-06,233.6,234.4,233.8126701,0.8,1.060660172,
-0.45902279,2010-01-06,2010-01-07,234.85,231.8000092,233.8105058,3.049990845,1.838477631,
-0.024879562,2010-01-07,2010-01-08,232.4,232.7499969,230.2491462,-0.349996948,0.671751442,
0.779399157,2010-01-08,2010-01-11,233.5,232.8999939,233.149166,0.600006104,0.106066017,
0.415017188,2010-01-11,2010-01-12,232.9,232.65,234.6071136,-0.25,0.176776695,
-0.507328928,2010-01-12,2010-01-13,231.35,229.6000122,231.9003183,-1.749987793,2.156675683,
-0.019587053,2010-01-13,2010-01-14,230.3,232.1999908,232.2989896,1.899990845,1.838477631,
-0.554314613,2010-01-14,2010-01-15,232.2,232.8999969,232.9221289,0.699996948,0.494974747,
-0.617023289,2010-01-15,2010-01-18,232.35,234.3500122,237.7094158,2.000012207,1.025304833,
-0.696200669,2010-01-18,2010-01-19,235.45,234.35,234.0289253,1.1,0,
-0.346521944,2010-01-19,2010-01-20,235.7,234.35,234.7129569,1.35,0,
-0.228733256,2010-01-20,2010-01-21,233.35,236.4499908,232.8236228,-3.099990845,1.48492424,
0.690089524,2010-01-21,2010-01-22,233.4,230.2,235.6725303,-3.2,4.419417382,
0.87515372,2010-01-22,2010-01-25,227.6,228.8999969,231.3039176,1.299996948,0.919238816,
0.074797779,2010-01-25,2010-01-26,228.65,224.3000092,229.2080107,-4.349990845,3.252691193,
-0.32879293,2010-01-26,2010-01-27,224.8,222.4499939,223.2328651,2.350006104,1.308147545,
0.415016502,2010-01-27,2010-01-28,223.4,225.0500061,224.5091323,1.650006104,1.838477631,
-0.430161238,2010-01-28,2010-01-29,222.9,219.3,225.0149267,-3.6,4.065863992,
-0.362427324,2010-01-29,2010-02-01,219.35,219.6000031,218.4292148,-0.250003052,0.212132034,
0.333036512,2010-02-01,2010-02-02,220.95,218.2999969,223.2813955,-2.650003052,0.919238816,
-0.456716359,2010-02-02,2010-02-03,220.9,220.8,219.4310804,0.1,1.767766953,
-0.646841943,2010-02-03,2010-02-04,221.25,220.3999908,222.8587575,-0.850009155,0.282842712,
-0.718692362,2010-02-04,2010-02-05,216.7,214.4500031,221.1949324,-2.249996948,4.207285348,
-0.690388381,2010-02-05,2010-02-08,214.3,213.2,215.7161771,-1.1,0.883883476,
-0.688919365,2010-02-08,2010-02-09,213.1,214.8000061,214.7304054,1.700006104,1.13137085,
-0.701642394,2010-02-09,2010-02-10,216.15,215.4999969,216.8347579,-0.650003052,0.494974747,
-0.721150696,2010-02-10,2010-02-11,216.1,218.3000031,217.1519433,2.200003052,1.979898987,
-0.726796985,2010-02-11,2010-02-12,218.7,217.3999908,218.9261256,-1.300009155,0.636396103,
-0.667254031,2010-02-12,2010-02-15,218.7,217.4,217.1262805,1.3,0,
-0.319986582,2010-02-15,2010-02-16,217.45,219.5500092,218.8804848,2.100009155,1.52027958,
-0.526831985,2010-02-16,2010-02-17,221.55,223.4999969,219.7533308,-1.949996948,2.793071786,
-0.437428355,2010-02-17,2010-02-18,223.5,222.75,223.4766043,0.75,0.530330086,
-0.245200485,2010-02-18,2010-02-19,220.85,218.8999939,222.5816,-1.950006104,2.722361108,
0.024341458,2010-02-19,2010-02-22,221.75,223.2000031,222.0672471,1.450003052,3.040559159,
-0.508576989,2010-02-22,2010-02-23,223,223.3500092,222.7498266,-0.350009155,0.106066017,
-0.181643814,2010-02-23,2010-02-24,221.55,220.9999939,224.9332999,-0.550006104,1.661700936,
-0.533901155,2010-02-24,2010-02-25,221.5,216.8000031,220.0912137,4.699996948,2.969848481,
0.080246978,2010-02-25,2010-02-26,218.05,217.6499908,217.5219435,0.400009155,0.601040764,
-0.264090687,2010-02-26,2010-03-01,218.05,217.65,218.3499088,-0.4,0,
-0.477105558,2010-03-01,2010-03-02,220.15,221.5000061,216.9556205,-1.350006104,2.722361108,
0.04443159,2010-03-02,2010-03-03,221.1,221.8500061,221.4940236,0.750006104,0.247487373,
0.146066234,2010-03-03,2010-03-04,222.35,221.1499878,222.1001974,1.200012207,0.494974747,
-0.082462929,2010-03-04,2010-03-05,222.1,224.7000031,220.6993706,-2.600003052,2.510229073,
0.188484192,2010-03-05,2010-03-08,226.4,227.5000031,226.7667648,1.100003052,1.979898987,
-0.483221471,2010-03-08,2010-03-09,227.4,228.0500031,226.0591999,-0.650003052,0.38890873,
0.363399357,2010-03-09,2010-03-10,228.25,228.2499969,227.5486278,3.05E-06,0.141421356,
0.63928628,2010-03-10,2010-03-11,228.9,227.3000031,227.6575111,1.599996948,0.671751442,
0.731693745,2010-03-11,2010-03-12,228.35,228.1999939,226.8830176,0.150006104,0.636396103,
0.683167994,2010-03-12,2010-03-15,228.35,226.1000092,232.1950325,-2.249990845,1.48492424,
-0.473788887,2010-03-15,2010-03-16,226.8,226.4999939,224.6958085,0.300006104,0.282842712,
0.381540149,2010-03-16,2010-03-17,227.95,230.3000031,227.8497523,-2.350003052,2.687005769,
-0.395597696,2010-03-17,2010-03-18,230.15,229.9499939,230.1748231,-0.200006104,0.247487373,
-0.315293521,2010-03-18,2010-03-19,230.8,231.2,229.549195,-0.4,0.883883476,
0.067366309,2010-03-19,2010-03-22,229.8,229.2500031,230.4026569,-0.549996948,1.378858223,
0.589906454,2010-03-22,2010-03-23,230.85,230.6000061,228.8745384,0.249993896,0.954594155,
0.645738363,2010-03-23,2010-03-24,232.35,230.9999939,231.5887224,1.350006104,0.282842712,
-0.216353014,2010-03-24,2010-03-25,230.85,230.8500061,230.056361,-6.10E-06,0.106066017,
0.315554738,2010-03-25,2010-03-26,230.85,231.9999939,231.6276099,1.149993896,0.813172798,
-0.2478268,2010-03-26,2010-03-29,230.4,232.3500061,231.2000962,1.950006104,0.247487373,
0.27211985,2010-03-29,2010-03-30,233.4,232.85,233.4195167,-0.55,0.353553391,
-0.339910805,2010-03-30,2010-03-31,233.05,232.4999939,230.6269432,0.550006104,0.247487373,
0.675238729,2010-03-31,2010-04-01,233.15,235.75,234.0546696,2.6,2.298097039,
-0.201314375,2010-04-01,2010-04-02,236.3,236.8999939,234.250096,-0.599993896,0.813172798,
0.560834169,2010-04-02,2010-04-05,237.55,238.4,236.1190284,-0.85,1.060660172,
0.785849988,2010-04-05,2010-04-06,238.6,238.3500122,238.3820771,0.249987793,0.035355339,
0.542577147,2010-04-06,2010-04-07,238.35,237.85,237.4907039,0.5,0.353553391,
0.707522154,2010-04-07,2010-04-08,237.35,238.3999878,237.6906142,1.049987793,0.38890873,
0.529734135,2010-04-08,2010-04-09,238.35,236.8500122,239.6479329,-1.499987793,1.096015511,
-0.396164745,2010-04-09,2010-04-12,238.25,235.3999878,235.6207117,2.850012207,1.025304833,
0.357631892,2010-04-12,2010-04-13,235.4,235.5000061,235.9885695,0.100006104,0.070710678,
-0.145502716,2010-04-13,2010-04-14,236.95,238.3999939,235.2024238,-1.449993896,2.050609665,
-0.021276304,2010-04-14,2010-04-15,239.65,239.7500061,236.8251848,-0.100006104,0.954594155,
0.760247231,2010-04-15,2010-04-16,238.95,237.9499969,240.4881811,-1.000003052,1.272792206,
0.144639388,2010-04-16,2010-04-19,235.2,233.3500092,237.9235345,-1.849990845,3.252691193,
-0.14059341,2010-04-19,2010-04-20,234.8,234.9499908,235.7833827,0.149990845,1.13137085,
-0.620736361,2010-04-20,2010-04-21,236.85,238.5000031,235.2303214,-1.650003052,2.510229073,
-0.566860914,2010-04-21,2010-04-22,237.5,238.25,236.2395015,-0.75,0.176776695,
0.602702737,2010-04-22,2010-04-23,238.8,237.6999969,237.7567405,1.100003052,0.38890873,
0.78845942,2010-04-23,2010-04-26,238.95,239.95,238.2815566,-1,1.590990258,
0.14519982,2010-04-26,2010-04-27,239.1,239.6000092,239.5120189,0.500009155,0.247487373,
0.197306141,2010-04-27,2010-04-28,234.85,236.3999878,238.0581991,1.549987793,2.2627417,
0.80575192,2010-04-28,2010-04-29,237.35,235.8000092,233.8025257,1.549990845,0.424264069,
0.965960622,2010-04-29,2010-04-30,237.85,238.6499908,235.5201088,-0.799990845,2.015254326,
0.93109715,2010-04-30,2010-05-03,237.65,234.7000031,242.7284988,-2.949996948,2.793071786,
-0.299856037,2010-05-03,2010-05-04,235.85,234.7500031,234.429597,1.099996948,0.035355339,
-0.349907607,2010-05-04,2010-05-05,235.85,234.75,233.6477704,1.1,0,
0.476456851,2010-05-05,2010-05-06,229.8,229.1999969,232.6986449,-0.600003052,3.924442636,
0.921703994,2010-05-06,2010-05-07,223.3,224.7,228.6779154,1.4,3.181980515,
0.916696072,2010-05-07,2010-05-10,226.2,228.8000061,226.0338228,-2.600006104,2.899137803,
-0.086999148,2010-05-10,2010-05-11,230.85,226.8500031,230.5702169,3.999996948,1.378858223,
-0.683453321,2010-05-11,2010-05-12,227.95,226.1499878,223.2759939,1.800012207,0.494974747,
0.583090425,2010-05-12,2010-05-13,228.8,231.3500122,230.7352556,2.550012207,3.676955262,
-0.376926571,2010-05-13,2010-05-14,229.5,230.2999969,230.071207,0.799996948,0.74246212,
0.440266937,2010-05-14,2010-05-17,226.95,225.8999908,233.9114926,-1.050009155,3.111269837,
-0.509076715,2010-05-17,2010-05-18,226.2,223.9500031,224.3635794,2.249996948,1.378858223,
0.445380718,2010-05-18,2010-05-19,221.85,221.8500092,225.0804129,9.16E-06,1.48492424,
-0.295789659,2010-05-19,2010-05-20,221.1,218.5499969,221.5581189,-2.550003052,2.333452378,
-0.15007256,2010-05-20,2010-05-21,221.1,218.55,219.4576791,2.55,0,
-0.475598484,2010-05-21,2010-05-24,217.75,219.4499939,217.7448524,-1.699993896,0.636396103,
0.126449406,2010-05-24,2010-05-25,217.25,213.7,223.3484609,-3.55,4.065863992,
-0.501746774,2010-05-25,2010-05-26,216.7,214.8999969,211.7808245,1.800003052,0.848528137,
0.568526447,2010-05-26,2010-05-27,213.9,219.7500061,221.3575076,5.850006104,3.429467889,
-0.382518888,2010-05-27,2010-05-28,221.85,221.25,221.5448275,0.6,1.060660172,
-0.698147833,2010-05-28,2010-05-31,221.85,222.9499969,220.7905418,-1.099996948,1.202081528,
-0.243170246,2010-05-31,2010-06-01,222.95,222.5500061,221.1396329,0.399993896,0.282842712,
0.794934571,2010-06-01,2010-06-02,222.95,222.55,223.8283974,-0.4,0,
-0.027385484,2010-06-02,2010-06-03,224.1,228.1000031,223.5177724,-4.000003052,3.924442636,
-0.561970711,2010-06-03,2010-06-04,226.9,228.35,229.3379558,1.45,0.176776695,
-0.672111392,2010-06-04,2010-06-07,223.8,223.85,224.4632791,0.05,3.181980515,
0.593305469,2010-06-07,2010-06-08,224.35,226.4499908,222.6234426,-2.099990845,1.838477631,
0.913538873,2010-06-08,2010-06-09,225.55,225.3999969,228.7869985,-0.150003052,0.74246212,
-0.059317023,2010-06-09,2010-06-10,226.15,226.3500122,222.4914721,-0.200012207,0.671751442,
0.808939338,2010-06-10,2010-06-11,228.2,229.2499939,229.4373201,1.049993896,2.050609665,
-0.312226772,2010-06-11,2010-06-14,230.2,231.6000061,231.0210567,1.400006104,1.661700936,
-0.705667138,2010-06-14,2010-06-15,231.05,231.8999878,229.3564244,-0.849987793,0.212132034,
0.387578905,2010-06-15,2010-06-16,233.6,233.8500122,229.6687459,-0.250012207,1.378858223,
0.928480089,2010-06-16,2010-06-17,233.8,233.9999939,235.3144922,0.199993896,0.106066017,
0.226935282,2010-06-17,2010-06-18,234.55,234.5,232.6170017,0.05,0.353553391,
0.665443599,2010-06-18,2010-06-21,236.8,237.6999969,232.5898402,-0.899996948,2.2627417,
0.929813325,2010-06-21,2010-06-22,236.45,237.1000092,239.8214423,0.650009155,0.424264069,
-0.049271602,2010-06-22,2010-06-23,235.65,235.85,233.8832766,-0.2,0.883883476,
0.822806895,2010-06-23,2010-06-24,235.15,237.85,236.6051035,2.7,1.414213562,
0.156838506,2010-06-24,2010-06-25,235.45,235.9499908,238.4078331,0.499990845,1.343502884,
-0.4450261,2010-06-25,2010-06-28,236.6,236.1000092,233.8465306,0.499990845,0.106066017,
0.620839536,2010-06-28,2010-06-29,236.55,232.8999878,234.056805,3.650012207,2.2627417,
0.942247212,2010-06-29,2010-06-30,229.3,230.2000031,231.0291281,0.900003052,1.909188309,
0.978296638,2010-06-30,2010-07-01,229,228.3500092,230.2929997,-0.649990845,1.308147545,
0.892629445,2010-07-01,2010-07-02,229.1,226.7999969,228.3408126,2.300003052,1.096015511,
0.469405383,2010-07-02,2010-07-05,227.2,227.3999908,227.7558824,0.199990845,0.424264069,
-0.48882249,2010-07-05,2010-07-06,225.95,228.7500061,226.7372727,2.800006104,0.954594155,
-0.056501251,2010-07-06,2010-07-07,228.65,227.3500061,228.4296433,1.299993896,0.989949494,
0.253120989,2010-07-07,2010-07-08,229.75,231.2499939,227.4027548,-1.499993896,2.757716447,
0.113009214,2010-07-08,2010-07-09,231.9,234.75,233.7391419,2.85,2.474873734,
-0.557459056,2010-07-09,2010-07-12,235.3,235.75,231.2101412,-0.45,0.707106781,
0.674083173,2010-07-12,2010-07-13,236.45,235.8999939,239.1300147,-0.550006104,0.106066017,
-0.312355399,2010-07-13,2010-07-14,238.95,239.8000092,237.1165129,-0.850009155,2.757716447,
-0.650986671,2010-07-14,2010-07-15,239.15,239.1000031,238.6552382,0.049996948,0.494974747,
0.051062796,2010-07-15,2010-07-16,238.7,236.4999939,238.3409952,2.200006104,1.838477631,
0.620772362,2010-07-16,2010-07-19,234.05,235.0500031,236.3608966,1.000003052,1.025304833,
0.538800776,2010-07-19,2010-07-20,234.45,235.9499939,236.0667723,1.499993896,0.636396103,
-0.317035496,2010-07-20,2010-07-21,238.4,237.7500031,234.7344111,0.649996948,1.272792206,
0.401115179,2010-07-21,2010-07-22,237.25,235.6000061,237.9694712,-1.649993896,1.52027958,
0.138345703,2010-07-22,2010-07-23,238.85,239.5499969,234.5895202,-0.699996948,2.793071786,
0.632618666,2010-07-23,2010-07-26,239.55,240.7499969,238.7352413,-1.199996948,0.848528137,
0.794601858,2010-07-26,2010-07-27,241.45,241.0500031,239.0677006,0.399996948,0.212132034,
0.940474212,2010-07-27,2010-07-28,242.15,242.2499969,242.2162768,0.099996948,0.848528137,
0.234373853,2010-07-28,2010-07-29,241.25,241.8000031,242.432392,0.550003052,0.318198052,
-0.324028701,2010-07-29,2010-07-30,241.2,239.6499908,241.7307488,-1.550009155,1.52027958,
-0.269634843,2010-07-30,2010-08-02,241.05,242.7000031,239.0995295,-1.650003052,2.156675683,
0.198520929,2010-08-02,2010-08-03,243.85,243.6000092,243.0430966,0.249990845,0.636396103,
-0.086674772,2010-08-03,2010-08-04,243.9,242.9499908,243.5616893,0.950009155,0.459619408,
-0.101648249,2010-08-04,2010-08-05,244.4,243.1000092,244.8512564,-1.299990845,0.106066017,
-0.5602687,2010-08-05,2010-08-06,242.65,242.7999969,243.2027538,0.149996948,0.212132034,
-0.468574941,2010-08-06,2010-08-09,241.45,243.3500031,244.0225463,1.900003052,0.38890873,
-0.580002964,2010-08-09,2010-08-10,243.05,242.0499969,241.9263428,1.000003052,0.919238816,
0.281725436,2010-08-10,2010-08-11,241.1,237.55,242.4424261,-3.55,3.181980515,
0.075102441,2010-08-11,2010-08-12,235.25,234.2499969,235.759232,-1.000003052,2.333452378,
0.770767093,2010-08-12,2010-08-13,234.25,236.1000061,234.816167,1.850006104,1.308147545,
0.170952439,2010-08-13,2010-08-16,235.1,235.6,235.7174408,0.5,0.353553391,
0.162499294,2010-08-16,2010-08-17,234.35,238.0499969,238.3298818,3.699996948,1.732411614,
-0.562240422,2010-08-17,2010-08-18,238.15,238.3,239.4465943,0.15,0.176776695,
-0.691492498,2010-08-18,2010-08-19,238.25,242.1499908,238.9629251,3.899990845,2.722361108,
-0.66048187,2010-08-19,2010-08-20,240.2,241.0500092,239.8489982,-0.850009155,0.777817459,
0.481227756,2010-08-20,2010-08-23,241.4,240.4499939,241.441898,-0.950006104,0.424264069,
0.247555479,2010-08-23,2010-08-24,238.7,238.95,238.8347152,0.25,1.060660172,
0.805241525,2010-08-24,2010-08-25,237.2,235.8999969,238.801224,-1.300003052,2.156675683,
0.699635267,2010-08-25,2010-08-26,236.3,234.7500061,237.0063737,-1.549993896,0.813172798,
-0.292506993,2010-08-26,2010-08-27,234.05,234.6000061,237.1941724,0.550006104,0.106066017,
-0.685608268,2010-08-27,2010-08-30,237.35,239.4499908,236.1592427,-2.099990845,3.429467889,
-0.73772645,2010-08-30,2010-08-31,237.8,236.0000031,238.4623452,-1.799996948,2.439518395,
-0.142007142,2010-08-31,2010-09-01,236.9,239.1999969,236.7534481,-2.299996948,2.2627417,
-0.339383781,2010-09-01,2010-09-02,241.8,240.7500031,240.951673,1.049996948,1.096015511,
-0.602185726,2010-09-02,2010-09-03,241.7,240.5500031,238.9227819,1.149996948,0.141421356,
0.366161466,2010-09-03,2010-09-06,242.05,242.4499939,242.2922997,0.399993896,1.343502884,
-0.346580327,2010-09-06,2010-09-07,242.05,242.45,242.3859302,0.4,0,
-0.28477338,2010-09-07,2010-09-08,241.2,240.0500061,241.4692517,-1.149993896,1.697056275,
0.446695119,2010-09-08,2010-09-09,240.9,240.8999908,239.7705756,9.16E-06,0.601040764,
0.52161175,2010-09-09,2010-09-10,241.4,243.15,241.3950019,-1.75,1.590990258,
-0.022449579,2010-09-10,2010-09-13,244.3,245.3000092,245.6553442,1.000009155,1.52027958,
-0.602430761,2010-09-13,2010-09-14,245.85,245.1000031,243.7639581,0.749996948,0.141421356,
0.279305249,2010-09-14,2010-09-15,245.1,246.2999969,245.5667935,1.199996948,0.848528137,
-0.033083852,2010-09-15,2010-09-16,245.6,244.3999908,245.8216301,-1.200009155,1.343502884,
0.231228605,2010-09-16,2010-09-17,245.6,245.5500092,243.2359553,0.049990845,0.813172798,
0.760881007,2010-09-17,2010-09-20,245.2,246.8999908,246.9550704,1.699990845,0.954594155,
-0.163917124,2010-09-20,2010-09-21,245.2,246.9,244.0488605,-1.7,0,
0.784912944,2010-09-21,2010-09-22,245.2,246.9,246.7805218,1.7,0,
0.727101803,2010-09-22,2010-09-23,245.2,246.9,245.6759581,1.7,0,
0.880416751,2010-09-23,2010-09-24,246.4,247.8500122,246.0669973,-1.450012207,0.671751442,
0.898422062,2010-09-24,2010-09-27,248.85,249.6499878,250.2240916,0.799987793,1.272792206,
-0.298822999,2010-09-27,2010-09-28,249.15,249.5000061,249.8371581,0.350006104,0.106066017,
-0.530403435,2010-09-28,2010-09-29,250,251.1999969,248.0052239,-1.199996948,1.202081528,
0.451447427,2010-09-29,2010-09-30,250.95,251.0500061,253.4056201,0.100006104,0.106066017,
-0.410809398,2010-09-30,2010-10-01,251.5,252.6499908,250.6202167,-1.149990845,1.13137085,
-0.164276674,2010-10-01,2010-10-04,252.7,252.7000031,252.7359635,3.05E-06,0.035355339,
-0.144655198,2010-10-04,2010-10-05,251.95,252.7,251.0282882,-0.75,0,
0.726141095,2010-10-05,2010-10-06,254.6,255.8999969,253.7906219,-1.299996948,2.2627417,
-0.029185083,2010-10-06,2010-10-07,256.05,255.6000122,256.6090569,-0.449987793,0.212132034,
-0.485677809,2010-10-07,2010-10-08,255.6,255.1499878,255.9392643,-0.450012207,0.318198052,
-0.499034137,2010-10-08,2010-10-11,256.35,253.7000031,256.048257,2.649996948,1.025304833,
-0.571712494,2010-10-11,2010-10-12,254.2,250.3999969,250.9441576,3.800003052,2.333452378,
0.593346596,2010-10-12,2010-10-13,251.7,251.4,252.3822017,-0.3,0.707106781,
-0.239835501,2010-10-13,2010-10-14,252.8,254.7500061,252.4637865,-1.950006104,2.368807717,
-0.585462987,2010-10-14,2010-10-15,254.35,255.1999969,252.9701514,-0.849996948,0.318198052,
0.37386474,2010-10-15,2010-10-18,254.9,250.1000092,260.0734283,-4.799990845,3.606244584,
-0.421024233,2010-10-18,2010-10-19,250.8,247.7999969,250.7650373,3.000003052,1.626345597,
-0.578347981,2010-10-19,2010-10-20,246.75,249.6000031,248.3393526,2.850003052,1.272792206,
-0.590457559,2010-10-20,2010-10-21,250.3,250.2499939,248.8002387,0.050006104,0.459619408,
0.067063145,2010-10-21,2010-10-22,251.1,253.3500061,250.7687841,-2.250006104,2.192031022,
-0.189530462,2010-10-22,2010-10-25,253.75,255.7499939,251.6463256,-1.999993896,1.697056275,
0.713373363,2010-10-25,2010-10-26,255.55,255.8000031,257.429872,0.250003052,0.035355339,
-0.200279772,2010-10-26,2010-10-27,255.5,253.8,253.4629121,1.7,1.414213562,
0.727129936,2010-10-27,2010-10-28,253.95,254.6000031,256.1038793,0.650003052,0.565685425,
-0.293051809,2010-10-28,2010-10-29,254.65,249.4499908,252.7322705,5.200009155,3.641599923,
0.619509935,2010-10-29,2010-11-01,251.05,254.7500031,252.3934676,3.700003052,3.74766594,
-0.410994798,2010-11-01,2010-11-02,254.75,255.1000061,251.2478392,-0.350006104,0.247487373,
0.76346451,2010-11-02,2010-11-03,256.4,257.6,255.7996147,-1.2,1.767766953,
0.202720508,2010-11-03,2010-11-04,258.2,258.4500061,257.944333,-0.250006104,0.601040764,
-0.315683991,2010-11-04,2010-11-05,261.05,258.95,257.2303152,2.1,0.353553391,
0.460010171,2010-11-05,2010-11-08,260.05,259.6499817,259.9854432,0.400018311,0.494974747,
-0.247654676,2010-11-08,2010-11-09,260.05,260.0000061,258.1025524,0.049993896,0.247487373,
0.582272291,2010-11-09,2010-11-10,259.9,263.25,259.4860924,-3.35,2.298097039,
0.729265571,2010-11-10,2010-11-11,262.8,261.6000061,263.8169021,-1.199993896,1.166726189,
0.051285144,2010-11-11,2010-11-12,260.9,256.6,260.5536709,4.3,3.535533906,
0.53981787,2010-11-12,2010-11-15,256.8,256.7999817,258.3129502,-1.83E-05,0.141421356,
-0.392416775,2010-11-15,2010-11-16,256.7,254.9500092,254.5821519,1.749990845,1.308147545,
0.63706094,2010-11-16,2010-11-17,252.55,254.7500031,256.7156137,2.200003052,0.141421356,
-0.284677714,2010-11-17,2010-11-18,255.75,258.8999939,250.8716159,-3.149993896,2.934493142,
0.804212809,2010-11-18,2010-11-19,259.7,260.6000122,261.8915922,0.900012207,1.202081528,
-0.23795031,2010-11-19,2010-11-22,261.6,261.4999939,257.2502168,0.100006104,0.636396103,
0.806600511,2010-11-22,2010-11-23,260.75,255.3000031,264.3821743,-5.449996948,4.384062043,
-0.276715726,2010-11-23,2010-11-24,254.1,259.6000031,253.4348022,-5.500003052,3.040559159,
0.626887619,2010-11-24,2010-11-25,260.4,260.7999817,259.2588985,-0.399981689,0.848528137,
0.654880881,2010-11-25,2010-11-26,260.55,257.6000183,261.5165574,-2.949981689,2.2627417,
-0.230278254,2010-11-26,2010-11-29,257.1,256.3999878,256.2634094,0.700012207,0.848528137,
0.520862043,2010-11-29,2010-11-30,255.4,257.9500183,255.7572152,2.550018311,1.096015511,
0.710627317,2010-11-30,2010-12-01,257.95,260.4999878,255.0922269,-2.549987793,1.803122292,
0.955110013,2010-12-01,2010-12-02,261.7,263.7000122,263.0214896,2.000012207,2.2627417,
0.085541949,2010-12-02,2010-12-03,265.2,265.3999817,261.428883,-0.199981689,1.202081528,
0.775930405,2010-12-03,2010-12-06,265.4,265.0000061,265.8895585,-0.399993896,0.282842712,
0.230449423,2010-12-06,2010-12-07,265,266.0499878,261.604862,-1.049987793,0.74246212,
0.899473786,2010-12-07,2010-12-08,265.25,264.6500061,266.5655061,-0.599993896,0.989949494,
0.512276053,2010-12-08,2010-12-09,265.85,269.2000183,262.7310106,-3.350018311,3.217335854,
0.869419515,2010-12-09,2010-12-10,268.4,269.95,270.8651611,1.55,0.530330086,
-0.170454234,2010-12-10,2010-12-13,270.1,270.8999817,269.9402448,-0.799981689,0.671751442,
-0.373910815,2010-12-13,2010-12-14,271.2,271.65,268.6431448,-0.45,0.530330086,
0.719370306,2010-12-14,2010-12-15,271.65,272.3500122,273.9821941,0.700012207,0.494974747,
-0.300030082,2010-12-15,2010-12-16,271.7,271.85,270.0268887,-0.15,0.353553391,
0.681742907,2010-12-16,2010-12-17,272.65,274.2000061,270.5360553,-1.550006104,1.661700936,
0.920120418,2010-12-17,2010-12-20,272.95,273.8499939,275.9261453,0.899993896,0.247487373,
-0.02463476,2010-12-20,2010-12-21,275.25,276.35,274.470961,-1.1,1.767766953,
-0.557086051,2010-12-21,2010-12-22,276.25,276.6,272.7138365,-0.35,0.176776695,
0.693859279,2010-12-22,2010-12-23,276.75,276.85,276.1585127,-0.1,0.176776695,
0.802086234,2010-12-23,2010-12-24,276.5,275.1,275.737252,1.4,1.237436867,
0.893465281,2010-12-24,2010-12-27,274.5,274.9500061,271.5008231,-0.450006104,0.106066017,
0.975082874,2010-12-27,2010-12-28,275.55,276.8999817,279.7863872,1.349981689,1.378858223,
0.191158101,2010-12-28,2010-12-29,276.9,279.9,277.3928797,3,2.121320344,
-0.532513022,2010-12-29,2010-12-30,280.35,281.9500183,278.1685099,-1.600018311,1.449568901,
0.496168047,2010-12-30,2010-12-31,280.35,281.95,281.6447955,1.6,0,19.95018921
0.578909039,2010-12-31,2011-01-03,282.4,283.2,280.9750084,-0.8,0.883883476,
0.793175757,2011-01-03,2011-01-04,282.9,284.6499817,284.7095044,1.749981689,1.025304833,
-0.227908209,2011-01-04,2011-01-05,284.3,284.6000122,284.7916196,0.300012207,0.035355339,
-0.436873108,2011-01-05,2011-01-06,285.4,283.9500061,285.3006367,1.449993896,0.459619408,
-0.558049858,2011-01-06,2011-01-07,282.95,285.2,282.2286433,-2.25,0.883883476,
0.454125613,2011-01-07,2011-01-10,283.95,283.2999756,286.3147588,-0.650024414,1.343502884,
-0.212476507,2011-01-10,2011-01-11,283.1,283.9500244,283.6563589,0.850024414,0.459619408,
-0.371178925,2011-01-11,2011-01-12,284,284.45,283.5006354,-0.45,0.353553391,
0.020102317,2011-01-12,2011-01-13,284.45,283.2999756,285.4185337,-1.150024414,0.813172798,
-0.409839481,2011-01-13,2011-01-14,284,285.9500244,283.1148751,-1.950024414,1.87383297,
-0.225477487,2011-01-14,2011-01-17,286.5,285.6499817,288.3895506,-0.850018311,0.212132034,
-0.565105379,2011-01-17,2011-01-18,284.95,284.2999939,283.4122082,0.650006104,0.954594155,
0.508307397,2011-01-18,2011-01-19,285.8,287.7000244,284.9049325,-1.900024414,2.404163056,
0.072375976,2011-01-19,2011-01-20,286.45,286.1499817,287.6892011,-0.300018311,1.096015511,
-0.078274831,2011-01-20,2011-01-21,285.9,280.5000061,285.6380596,5.399993896,3.995153314,
0.238164008,2011-01-21,2011-01-24,279.95,282.4500122,279.2172679,-2.500012207,1.378858223,
0.791213691,2011-01-24,2011-01-25,283.7,284.2499878,283.2948936,-0.549987793,1.272792206,
0.093001962,2011-01-25,2011-01-26,284,286.8500061,281.8726437,-2.850006104,1.838477631,
0.801239252,2011-01-26,2011-01-27,287.65,287.35,289.7495323,-0.3,0.353553391,
-0.29516691,2011-01-27,2011-01-28,287.3,286.7499939,283.5892738,0.550006104,0.424264069,
0.798970222,2011-01-28,2011-01-31,283,282.1000061,288.7769113,-0.899993896,3.288046533,
-0.203316644,2011-01-31,2011-02-01,283.05,281.9500061,283.3602139,-1.099993896,0.106066017,
-0.648011744,2011-02-01,2011-02-02,283.05,281.95,280.0582115,1.1,0,
0.353983015,2011-02-02,2011-02-03,283.05,281.95,281.7030096,1.1,0,
0.505090356,2011-02-03,2011-02-04,283.05,281.95,281.8650096,1.1,0,
0.300912172,2011-02-04,2011-02-07,285.75,282.6499817,281.7420334,3.100018311,0.494974747,
0.240733817,2011-02-07,2011-02-08,283.65,280.65,284.3539896,-3,1.414213562,
-0.505990088,2011-02-08,2011-02-09,281.85,277.7500061,281.4776078,4.099993896,2.050609665,
-0.620739222,2011-02-09,2011-02-10,276.25,272.6499939,279.4584079,-3.600006104,3.606244584,
-0.68483597,2011-02-10,2011-02-11,272.65,267.7000183,273.1981931,-4.949981689,3.500178567,
-0.630899847,2011-02-11,2011-02-14,271.05,273.5499756,266.9774953,-2.499975586,4.13657467,
-0.068146005,2011-02-14,2011-02-15,273.85,272.3500183,274.6172156,-1.499981689,0.848528137,
-0.37386319,2011-02-15,2011-02-16,272.9,270.8999878,274.204839,-2.000012207,1.025304833,
-0.610342145,2011-02-16,2011-02-17,271.95,269.6000122,272.2665426,-2.349987793,0.919238816,
-0.671304464,2011-02-17,2011-02-18,270.95,273.6499878,269.3265511,-2.699987793,2.863782464,
-0.416783959,2011-02-18,2011-02-21,273.65,271.9,273.1570727,1.75,1.237436867,
0.146166012,2011-02-21,2011-02-22,268.95,267.5499939,271.3946693,-1.400006104,3.075914498,
0.518296123,2011-02-22,2011-02-23,266.9,267.7000244,270.7734817,0.800024414,0.106066017,
-0.414810687,2011-02-23,2011-02-24,266.95,265.1499817,266.8706495,1.800018311,1.803122292,
0.146171376,2011-02-24,2011-02-25,266.2,266.6000122,266.2664758,0.400012207,1.025304833,
-0.390503049,2011-02-25,2011-02-28,265.85,263.6,265.457101,2.25,2.121320344,
0.359923989,2011-02-28,2011-03-01,265.85,263.6,263.2993128,2.25,0,
0.505982518,2011-03-01,2011-03-02,262.45,262.6,264.4274438,0.15,0.707106781,
-0.213647112,2011-03-02,2011-03-03,264.05,267.6499878,263.0260069,-3.599987793,3.570889245,
-0.439303309,2011-03-03,2011-03-04,270.3,272.9,266.8805112,-2.6,3.712310601,
0.141722277,2011-03-04,2011-03-07,272.3,269.0000061,271.3867543,3.299993896,2.757716447,
0.821802258,2011-03-07,2011-03-08,269.6,271.3500061,268.7655846,-1.750006104,1.661700936,
0.788440824,2011-03-08,2011-03-09,272.55,272.1499878,272.6398022,-0.400012207,0.565685425,
-0.231009692,2011-03-09,2011-03-10,271.25,268.4,271.9428638,-2.85,2.651650429,
-0.184630483,2011-03-10,2011-03-11,265.75,264.3500122,268.2354614,-1.399987793,2.863782464,
0.030764215,2011-03-11,2011-03-14,264.9,268.4999939,263.5664026,-3.599993896,2.934493142,
0.543384016,2011-03-14,2011-03-15,268.3,261.7000122,268.9919276,-6.599987793,4.808326112,
0.082569681,2011-03-15,2011-03-16,265.7,267.0999939,259.79313,-1.399993896,3.818376618,
0.794308662,2011-03-16,2011-03-17,261.9,266.9999939,266.9160411,5.099993896,0.070710678,
0.722166955,2011-03-17,2011-03-18,267.5,269.8500061,268.1592633,2.350006104,2.015254326,
-0.274711967,2011-03-18,2011-03-21,270.2,272.4500061,267.7793725,-2.250006104,1.838477631,
0.661514938,2011-03-21,2011-03-22,273.45,273.8499939,272.184884,-0.399993896,0.989949494,
0.67362684,2011-03-22,2011-03-23,274.2,273.7999817,273.5028502,0.400018311,0.035355339,
0.575522006,2011-03-23,2011-03-24,274.5,276.8500183,272.524406,-2.350018311,2.156675683,
0.836382866,2011-03-24,2011-03-25,280.35,280.3999878,275.7718451,-0.049987793,2.510229073,
0.919900596,2011-03-25,2011-03-28,279.9,280.9,280.7297516,1,0.353553391,
0.456026077,2011-03-28,2011-03-29,280.45,282.7999939,280.3451383,-2.349993896,1.343502884,
0.356468409,2011-03-29,2011-03-30,283.3,285.55,280.8436778,-2.25,1.944543648,
0.883787274,2011-03-30,2011-03-31,286,287.55,284.7344485,-1.55,1.414213562,
0.925477505,2011-03-31,2011-04-01,286.95,288.9000061,289.0052084,1.950006104,0.954594155,
-0.056802318,2011-04-01,2011-04-04,289.15,288.8500122,287.389084,0.299987793,0.035355339,
0.596152246,2011-04-04,2011-04-05,289.2,290.6,289.199552,-1.4,1.237436867,
0.029744854,2011-04-05,2011-04-06,290.4,290.2000061,288.4273323,0.199993896,0.282842712,
0.815557003,2011-04-06,2011-04-07,290.95,288.7499878,290.071391,2.200012207,1.025304833,
0.718421161,2011-04-07,2011-04-08,288.75,288.7000122,288.4340342,0.049987793,0.035355339,
0.584835649,2011-04-08,2011-04-11,288.95,288.2499878,287.2014149,0.700012207,0.318198052,
0.894534111,2011-04-11,2011-04-12,287.2,283.9500122,288.6091341,-3.249987793,3.040559159,
0.516186655,2011-04-12,2011-04-13,284.1,288.7,281.6287946,-4.6,3.358757211,
0.902356982,2011-04-13,2011-04-14,287.55,289.45,288.9030223,1.9,0.530330086,
0.648711979,2011-04-14,2011-04-15,289.65,290.0999939,290.6915744,0.449993896,0.459619408,
-0.447075635,2011-04-15,2011-04-18,290.75,288.9999939,287.6920479,1.750006104,0.777817459,
0.655305505,2011-04-18,2011-04-19,287.05,288,290.5199014,0.95,0.707106781,
-0.261311203,2011-04-19,2011-04-20,290.15,297.7999878,285.968709,-7.649987793,6.929646456,
0.679693758,2011-04-20,2011-04-21,297.8,299.3500183,296.931022,-1.550018311,1.096015511,
0.862414002,2011-04-21,2011-04-22,299.4,299.1499878,299.8680054,-0.250012207,0.141421356,
0.293022841,2011-04-22,2011-04-25,299.75,300.15,297.8077762,-0.4,0.707106781,
0.67394042,2011-04-25,2011-04-26,300.75,299.65,299.713624,1.1,0.353553391,
0.695197284,2011-04-26,2011-04-27,301.75,300.0000061,298.6584962,1.749993896,0.247487373,
0.833595753,2011-04-27,2011-04-28,300.65,299.3999939,299.3226521,1.250006104,0.424264069,
0.853439808,2011-04-28,2011-04-29,299.5,297.7000183,299.0139755,1.799981689,1.202081528,
0.772950768,2011-04-29,2011-05-02,299.3,303.2999756,297.0492325,-3.999975586,3.959797975,
0.771461666,2011-05-02,2011-05-03,302.9,299.4500244,302.7124649,3.449975586,2.722361108,
0.776650488,2011-05-03,2011-05-04,299,296.5499756,299.5025097,-2.450024414,2.050609665,
0.390040308,2011-05-04,2011-05-05,299,296.55,295.3808944,2.45,0,
0.741394162,2011-05-05,2011-05-06,292.3,290.9000061,295.9181275,-1.399993896,3.995153314,
0.808048427,2011-05-06,2011-05-09,292.3,288.9,290.5529241,3.4,1.414213562,
0.756438851,2011-05-09,2011-05-10,292.3,288.9,288.0330146,3.4,0,
0.815095425,2011-05-10,2011-05-11,291.4,292.5499939,288.0675417,-1.149993896,2.580939751,
0.859843731,2011-05-11,2011-05-12,289.4,285.7000244,291.9313051,-3.699975586,4.843681451,
0.845597148,2011-05-12,2011-05-13,287.75,286.2,286.2962536,1.55,0.353553391,
0.163929507,2011-05-13,2011-05-16,284.25,283.2,285.5513225,-1.05,2.121320344,
0.432846189,2011-05-16,2011-05-17,283.2,283.7999756,282.0085715,-0.599975586,0.424264069,
0.816012323,2011-05-17,2011-05-18,284.65,288.05,283.6822852,-3.4,3.00520382,
0.664353788,2011-05-18,2011-05-19,288.65,283.7500122,287.3909147,4.899987793,3.040559159,
0.677081943,2011-05-19,2011-05-20,283.9,285.2999878,282.343661,-1.399987793,1.096015511,
0.892180026,2011-05-20,2011-05-23,283.5,277.3,285.5726019,-6.2,5.656854249,
0.463502437,2011-05-23,2011-05-24,277.4,277.8,276.5554146,-0.4,0.353553391,
0.53406477,2011-05-24,2011-05-25,279.55,275.2000244,276.3906204,4.349975586,1.838477631,
0.86762166,2011-05-25,2011-05-26,277.75,282.1499817,275.1293771,-4.399981689,4.914392129,
0.689351797,2011-05-26,2011-05-27,282.05,284.3500122,281.509457,-2.300012207,1.555634919,
0.696740746,2011-05-27,2011-05-30,286,283.1,283.4618268,2.9,0.883883476,
0.772719443,2011-05-30,2011-05-31,284.1,289.6499878,283.1790978,-5.549987793,4.631549417,
0.378108412,2011-05-31,2011-06-01,289.85,290.4,289.1377431,-0.55,0.530330086,
0.419399738,2011-06-01,2011-06-02,284.1,285.7500061,291.0762435,1.650006104,3.288046533,
-0.34005186,2011-06-02,2011-06-03,286.3,286.2000122,283.0208399,0.099987793,0.318198052,
0.749570191,2011-06-03,2011-06-06,286.3,286.2,286.3310241,-0.1,0,
0.574864089,2011-06-06,2011-06-07,283.2,284.3999817,286.7117663,1.199981689,1.272792206,
-0.174653217,2011-06-07,2011-06-08,284.35,281.2000183,282.2611221,3.149981689,2.2627417,
0.70811516,2011-06-08,2011-06-09,280.7,279.7999756,280.9006977,-0.900024414,0.989949494,
0.702730477,2011-06-09,2011-06-10,281.3,276.05,282.6959289,-5.25,2.651650429,
-0.47389254,2011-06-10,2011-06-13,274.05,277.6500061,273.2647892,-3.600006104,1.13137085,
0.679924965,2011-06-13,2011-06-14,276.45,281.5499939,277.2345481,5.099993896,2.757716447,
0.758571744,2011-06-14,2011-06-15,281.65,281.55,282.1115841,-0.1,0,
0.02745961,2011-06-15,2011-06-16,278.25,275.8500183,280.4607151,-2.399981689,4.030508653,
0.534404099,2011-06-16,2011-06-17,277.3,273.2999817,277.5126153,-4.000018311,1.803122292,
-0.39878419,2011-06-17,2011-06-20,273.8,271.4500244,270.6383894,2.349975586,1.308147545,
0.696305275,2011-06-20,2011-06-21,274.5,275.8999817,270.5083916,-1.399981689,3.146625176,
0.881020784,2011-06-21,2011-06-22,278.6,278.4500183,276.9632975,0.149981689,1.803122292,
0.221474633,2011-06-22,2011-06-23,276.6,276.3999817,277.5148908,-0.200018311,1.449568901,
0.50800705,2011-06-23,2011-06-24,277.9,282.0499939,274.7540744,-4.149993896,3.995153314,
0.889822125,2011-06-24,2011-06-27,280.05,278.7000244,284.0819726,-1.349975586,2.368807717,
-0.161337852,2011-06-27,2011-06-28,281.2,278.5499756,276.1375544,2.650024414,0.106066017,
0.757318139,2011-06-28,2011-06-29,282.8,281.8500183,277.230673,0.949981689,2.333452378,
0.928685069,2011-06-29,2011-06-30,283.1,282.7000061,282.5046679,0.399993896,0.601040764,
0.418077052,2011-06-30,2011-07-01,285.95,286.4999878,282.1719019,-0.549987793,2.687005769,
0.325047493,2011-07-01,2011-07-04,289.3,290,287.2141711,-0.7,2.474873734,
-0.352886021,2011-07-04,2011-07-05,289.7,291.9500122,287.6641982,-2.250012207,1.378858223,
0.711520255,2011-07-05,2011-07-06,291.25,293.0499756,290.6687474,-1.799975586,0.777817459,
0.925148606,2011-07-06,2011-07-07,292.65,294.0000122,293.4751584,1.350012207,0.671751442,
0.758643746,2011-07-07,2011-07-08,295.3,294.3500061,294.0055869,0.949993896,0.247487373,
0.270779818,2011-07-08,2011-07-11,292.35,290.5499817,294.6476791,-1.800018311,2.687005769,
-0.25272274,2011-07-11,2011-07-12,287.1,283.1500061,288.4589639,-3.949993896,5.232590181,
0.740151346,2011-07-12,2011-07-13,284.8,285.4500183,282.3501517,-0.650018311,1.626345597,
0.879986882,2011-07-13,2011-07-14,284.05,284.9999878,285.8110318,0.949987793,0.318198052,
0.454116642,2011-07-14,2011-07-15,284.05,286.7999878,284.7098018,2.749987793,1.272792206,
0.21162796,2011-07-15,2011-07-18,286.55,283.4500244,288.9547511,-3.099975586,2.368807717,
-0.580330908,2011-07-18,2011-07-19,283.25,283.0999939,281.280992,0.150006104,0.247487373,
0.507060885,2011-07-19,2011-07-20,287.1,288.2999817,282.2506444,-1.199981689,3.676955262,
0.822934628,2011-07-20,2011-07-21,288.3,287.05,288.7291642,-1.25,0.883883476,
0.351845473,2011-07-21,2011-07-22,289.25,290.2000244,286.7916892,-0.950024414,2.227386361,
0.0556059,2011-07-22,2011-07-25,288.1,287.4999878,292.2058577,-0.600012207,1.909188309,
-0.580455542,2011-07-25,2011-07-26,288.45,289.2000122,284.8716342,-0.750012207,1.202081528,
0.57404983,2011-07-26,2011-07-27,287.6,289.95,288.1006765,2.35,0.530330086,
0.888076842,2011-07-27,2011-07-28,284.4,287.7,290.5504134,3.3,1.590990258,
0.386530697,2011-07-28,2011-07-29,287.9,284.2499878,288.1813535,-3.650012207,2.439518395,
-0.320279241,2011-07-29,2011-08-01,287.7,289.7000122,283.4385827,-2.000012207,3.853731957,
0.203702584,2011-08-01,2011-08-02,286.55,281.95,287.7573719,-4.6,5.480077554,
0.871924639,2011-08-02,2011-08-03,277.35,273.3499939,282.4398568,-4.000006104,6.081118318,
0.498415202,2011-08-03,2011-08-04,274.8,267.6499878,274.7703519,7.150012207,4.030508653,
-0.48768723,2011-08-04,2011-08-05,258.6,257.6000122,265.6090471,-0.999987793,7.106423151,
0.536862791,2011-08-05,2011-08-08,256.05,247.85,256.0956098,-8.2,6.894291117,
0.907433927,2011-08-08,2011-08-09,240.45,238.3999878,249.5960746,-2.050012207,6.682159082,
-0.02925189,2011-08-09,2011-08-10,248.15,237.6000122,238.0237492,10.54998779,0.565685425,
-0.065101281,2011-08-10,2011-08-11,229.15,239.6,236.6431133,10.45,1.414213562,
0.550982058,2011-08-11,2011-08-12,241.8,236.4999939,240.4627654,5.300006104,2.192031022,
-0.170862094,2011-08-12,2011-08-15,241.8,236.5,239.4163558,5.3,0,
-0.64032799,2011-08-15,2011-08-16,244.1,247.6999969,237.5048895,-3.599996948,7.919595949,
-0.688320994,2011-08-16,2011-08-17,246.25,248.1000092,244.9104459,-1.850009155,0.282842712,
0.497068524,2011-08-17,2011-08-18,248.9,243.6499878,246.6066459,5.250012207,3.146625176,
0.915255785,2011-08-18,2011-08-19,235.75,228.65,244.839257,-7.1,10.60660172,
0.265591562,2011-08-19,2011-08-22,229.15,226.8500122,231.5826482,-2.299987793,1.272792206,
-0.618830979,2011-08-22,2011-08-23,228.1,234.35,226.6499735,-6.25,5.303300859,
-0.451133817,2011-08-23,2011-08-24,235.35,231.4999939,235.1762491,3.850006104,2.015254326,
-0.580748141,2011-08-24,2011-08-25,235.9,232.8000031,231.8302324,3.099996948,0.919238816,
-0.526226103,2011-08-25,2011-08-26,231.6,234.7499969,231.8282116,3.149996948,1.378858223,
0.27306816,2011-08-26,2011-08-29,237.65,241.5,235.7481951,-3.85,4.772970773,
-0.252531976,2011-08-29,2011-08-30,244.35,243.6499939,241.2603337,0.700006104,1.52027958,
-0.157824069,2011-08-30,2011-08-31,244.05,247.6000122,243.0919655,-3.550012207,2.793071786,
0.252949566,2011-08-31,2011-09-01,248.05,248.6,247.7550909,-0.55,0.707106781,
0.041364845,2011-09-01,2011-09-02,246.35,245.2499939,248.2775797,-1.100006104,2.368807717,
0.169023573,2011-09-02,2011-09-05,240.1,235,244.8867807,-5.1,7.247844507,
0.398952127,2011-09-05,2011-09-06,231.1,233.1999969,235.5100185,2.099996948,1.272792206,
-0.098991595,2011-09-06,2011-09-07,238.55,242.8000061,231.8312621,-4.250006104,6.788225099,
0.624682963,2011-09-07,2011-09-08,245.5,244.1000031,243.6106814,1.399996948,0.919238816,
-0.075241782,2011-09-08,2011-09-09,242.2,241.1,244.6643488,-1.1,2.121320344,
-0.446242183,2011-09-09,2011-09-12,242.2,241.1,240.2685582,1.1,0,
0.113819748,2011-09-12,2011-09-13,242.2,241.1,240.6694202,1.1,0,
0.416264981,2011-09-13,2011-09-14,239.4,233.6,241.116076,-5.8,5.303300859,
0.206607819,2011-09-14,2011-09-15,239.6,237.6499878,234.2395564,1.950012207,2.863782464,
-0.33677724,2011-09-15,2011-09-16,243.5,246.5000061,235.1304897,-3.000006104,6.257895014,
0.780353725,2011-09-16,2011-09-19,242.55,244.1000061,245.6926776,1.550006104,1.697056275,
0.900856137,2011-09-19,2011-09-20,243.2,246.3999878,245.1630445,3.199987793,1.626345597,
0.06694898,2011-09-20,2011-09-21,246.4,248.2500061,244.8971331,-1.850006104,1.308147545,
0.656580806,2011-09-21,2011-09-22,241.55,238.5,248.9422711,-3.05,6.894291117,
-0.102419399,2011-09-22,2011-09-23,230.7,226.3999939,236.4938114,-4.300006104,8.555992052,
0.73795706,2011-09-23,2011-09-26,229.8,221.8500122,225.6031333,7.949987793,3.217335854,
0.873686373,2011-09-26,2011-09-27,229.85,235.7999969,221.9903607,-5.949996948,9.864139598,
0.513043225,2011-09-27,2011-09-28,236.15,231.7499969,234.0976906,4.400003052,2.863782464,
0.855566442,2011-09-28,2011-09-29,230.35,237.0500031,231.0921164,6.700003052,3.74766594,
0.877684712,2011-09-29,2011-09-30,235.8,236.3,236.4580504,0.5,0.530330086,
0.843855679,2011-09-30,2011-10-03,235.8,236.3,235.0011681,-0.5,0,
0.946887374,2011-10-03,2011-10-04,225.5,228.4999969,234.99214,2.999996948,5.515432893,
0.962022722,2011-10-04,2011-10-05,230.55,226.3000031,227.3105899,4.249996948,1.555634919,
0.964584529,2011-10-05,2011-10-06,231.45,233.05,225.0656223,-1.6,4.772970773,
0.966240644,2011-10-06,2011-10-07,237.6,237.3500031,234.2434168,0.249996948,3.040559159,
0.234592363,2011-10-07,2011-10-10,238.55,238.85,235.9472687,-0.3,1.060660172,
0.642295837,2011-10-10,2011-10-11,243.6,242.7999969,236.8609165,0.800003052,2.793071786,
0.930833459,2011-10-11,2011-10-12,242.15,244.1000031,241.7398737,-1.950003052,0.919238816,
0.951744974,2011-10-12,2011-10-13,247.1,245.7999969,243.8313983,1.300003052,1.202081528,
0.840640843,2011-10-13,2011-10-14,244.85,248.1000031,244.8385101,-3.250003052,1.626345597,
0.835802138,2011-10-14,2011-10-17,250.5,251.2999969,246.4414401,-0.799996948,2.2627417,
0.940059185,2011-10-17,2011-10-18,246.5,246.4999969,250.3491877,-3.05E-06,3.39411255,
0.947141111,2011-10-18,2011-10-19,248.5,250.8500061,245.5485852,-2.350006104,3.075914498,
0.946469426,2011-10-19,2011-10-20,250,242.3999878,249.8879417,7.600012207,5.975052301,
0.939090729,2011-10-20,2011-10-21,245.3,247.3000092,241.2554267,-2.000009155,3.464823228,
0.942651868,2011-10-21,2011-10-24,250,255.6499908,246.0302552,-5.649990845,5.904341623,
0.957918823,2011-10-24,2011-10-25,256.3,255.7000031,254.8210125,0.599996948,0.035355339,
0.948231518,2011-10-25,2011-10-26,253.3,254.7500031,255.0037121,1.450003052,0.671751442,
0.886295557,2011-10-26,2011-10-27,256.75,259.2999878,255.6063207,-2.549987793,3.217335854,
-0.025812648,2011-10-27,2011-10-28,265,260.3500183,259.0340321,4.649981689,0.74246212,
-0.167129219,2011-10-28,2011-10-31,259.95,258.7999817,257.9882968,1.150018311,1.096015511,
0.818125367,2011-10-31,2011-11-01,256,258.05,257.6774464,2.05,0.530330086,
0.935379446,2011-11-01,2011-11-02,253.05,256.5000122,259.0286192,3.450012207,1.096015511,
0.249888703,2011-11-02,2011-11-03,255.5,252,256.1043172,-3.5,3.181980515,
0.022073701,2011-11-03,2011-11-04,257.8,260,250.5035901,-2.2,5.656854249,
0.73930645,2011-11-04,2011-11-07,260.5,258.0499878,263.3045738,-2.450012207,1.378858223,
-0.358039767,2011-11-07,2011-11-08,258.8,256.4500244,255.6431537,2.349975586,1.13137085,
0.701072872,2011-11-08,2011-11-09,259.1,258.0999939,258.3529292,1.000006104,1.166726189,
-0.307678014,2011-11-09,2011-11-10,250.5,245.2999969,257.9415397,-5.200003052,9.050966799,
-0.311239809,2011-11-10,2011-11-11,246.85,248.8,243.3195318,-1.95,2.474873734,
0.713748872,2011-11-11,2011-11-14,254.4,255.3999908,251.745106,-0.999990845,4.666904756,
-0.304517984,2011-11-14,2011-11-15,254,254.2000031,254.7864178,0.200003052,0.848528137,
-0.007880705,2011-11-15,2011-11-16,254.85,249.0000031,254.6428365,5.849996948,3.676955262,
-0.283535749,2011-11-16,2011-11-17,249.9,251.3500061,247.8160306,-1.450006104,1.661700936,
0.492191553,2011-11-17,2011-11-18,247.75,246.1,251.609192,-1.65,3.712310601,
0.197080374,2011-11-18,2011-11-21,245.4,244.1,246.2468461,-1.3,1.414213562,
-0.091345578,2011-11-21,2011-11-22,240.2,243.9999939,243.842022,3.799993896,0.070710678,
0.037282106,2011-11-22,2011-11-23,244,239.1499939,243.1124942,4.850006104,3.429467889,
0.577326477,2011-11-23,2011-11-24,238.15,239.5000061,240.4658716,1.350006104,0.247487373,
-0.283886403,2011-11-24,2011-11-25,237.55,237.0500031,237.4872401,0.499996948,1.732411614,
0.649031162,2011-11-25,2011-11-28,242.5,244.4499939,236.2226011,-1.949993896,5.232590181,
0.850931406,2011-11-28,2011-11-29,245.05,250.2500031,244.3233268,-5.200003052,4.101219331,
0.688640118,2011-11-29,2011-11-30,248.55,248.3500061,250.1008406,-0.199993896,1.343502884,
0.415857673,2011-11-30,2011-12-01,257.5,259.85,248.9116947,-2.35,8.131727984,
-0.272814244,2011-12-01,2011-12-02,259.75,259.2999817,258.3439239,0.450018311,0.38890873,
0.586300969,2011-12-02,2011-12-05,260.8,260.5000122,257.8933334,0.299987793,0.848528137,
0.904329777,2011-12-05,2011-12-06,258.65,258,260.5512737,-0.65,1.767766953,
0.7358706,2011-12-06,2011-12-07,258.7,259.4500122,258.4778152,-0.750012207,1.025304833,
-0.060844176,2011-12-07,2011-12-08,258.5,258.2,258.7716517,-0.3,0.883883476,
0.224070638,2011-12-08,2011-12-09,254.1,251.2999908,257.601064,-2.800009155,4.87903679,
0.543161929,2011-12-09,2011-12-12,255.6,255.8,251.8747764,-0.2,3.181980515,
-0.044181533,2011-12-12,2011-12-13,253.1,249.9499939,255.0361742,-3.150006104,4.13657467,
0.326630682,2011-12-13,2011-12-14,248.4,248.95,248.6079998,0.55,0.707106781,
0.847400427,2011-12-14,2011-12-15,245.5,243.3999969,248.2378541,-2.100003052,3.924442636,
0.887480736,2011-12-15,2011-12-16,244.3,246.0500092,244.8180253,1.750009155,1.87383297,
-0.179956585,2011-12-16,2011-12-19,244.35,239.1000031,242.9780748,5.249996948,4.914392129,
0.786208451,2011-12-19,2011-12-20,240.1,240.3999878,238.3027231,-0.299987793,0.919238816,
0.895211399,2011-12-20,2011-12-21,247,248.15,241.0492755,-1.15,5.480077554,
0.361705959,2011-12-21,2011-12-22,247.15,248.0500092,248.767294,0.900009155,0.070710678,
-0.379871339,2011-12-22,2011-12-23,250.45,251.1999939,244.2796228,-0.749993896,2.227386361,
0.798444331,2011-12-23,2011-12-26,251.85,249.8000061,250.8064894,2.049993896,0.989949494,
0.827286959,2011-12-26,2011-12-27,250.05,246.8999908,251.0835382,-3.150009155,2.050609665,
-0.234969571,2011-12-27,2011-12-28,247.8,246.4,244.6626457,1.4,0.353553391,
0.686478674,2011-12-28,2011-12-29,246.2,246.7000031,245.2270254,-0.500003052,0.212132034,
0.899747252,2011-12-29,2011-12-30,246.2,246.7,247.0546089,0.5,0,-70.15010071
accuracy, down accuracy, acc with interval,kelly,,,-75.25007935,,
0.487212276,0.551181102,0.268542199,FALSE,,,,,
 ensemble, gradual, RRL, time steps, interval, layers, hidden_size, batch_size,
FALSE,FALSE,TRUE,20,1,2,500,20,
 avg_profit, avg_loss, max_profit, max_loss,,,, iteration,
1.774540803,-1.873691085,10.54998779,-8.2,,,,500,
